feature_id,family,system,name,ensemble,avg_f1,worst_f1,std_f1,avg_roc_auc,worst_roc_auc,std_roc_auc,avg_pr_auc,worst_pr_auc,std_pr_auc,avg_prec,avg_rec,avg_acc,worst_acc,std_acc,train_time,infer_time
STACKING,STACK,stacking,LR_meta(LiWP:RF | SkipGram:RF | OpPhrase:KNN | LiWP:RF | OpPhrase:RF | OpPhrase:RF),OOF_STACK_k6,0.9477434679334917,0.9477434679334917,,0.9906942126870613,0.9906942126870613,,0.9829964011971233,0.9829964011971233,,0.9443786982248521,0.9511323003575686,0.955193482688391,0.955193482688391,,0.0,0.23887014389038086
STACKING,STACK,stacking,LR_meta(LiWP:RF | SkipGram:RF | OpPhrase:RF | LiWP:RF | OpPhrase:RF | LiWP:KNN),OOF_STACK_k6,0.9400560224089636,0.9400560224089636,,0.9813911622620062,0.9813911622620062,,0.9969009382279076,0.9969009382279076,,0.9910229151901725,0.894075021312873,0.8981825102293273,0.8981825102293273,,0.0,15.0760018825531
OpPhrase_unigram_only_dim128_win5,OpPhrase,within_feature,KNN+RF,Best2_Soft,0.9283196239717979,0.9283196239717979,,0.9859605350284731,0.9859605350284731,,0.9790289382969309,0.9790289382969309,,0.9154113557358053,0.9415971394517283,0.9378818737270875,0.9378818737270875,,0.0,0.07805585861206055
OpPhrase_unigram_only_dim128_win5,OpPhrase,within_feature,KNN+RF,Best2_WeightedSoft,0.9283196239717979,0.9283196239717979,,0.9859605350284731,0.9859605350284731,,0.9790289382969309,0.9790289382969309,,0.9154113557358053,0.9415971394517283,0.9378818737270875,0.9378818737270875,,0.0,0.0781865119934082
LiWP_n3_minDf1_SPARSE,LiWP,within_feature,LinearSVC+RF,Best2_Hard,0.916396629941672,0.916396629941672,,,,,,,,0.889308176100629,0.9451871657754011,0.9310897435897436,0.9310897435897436,,0.0,0.056379079818725586
STACKING,STACK,stacking,LR_meta(LiWP:LinearSVC | SkipGram:RF | OpPhrase:RF | LiWP:RF | LiWP:RF | LiWP:LinearSVC),OOF_STACK_k6,0.8921161825726142,0.8921161825726142,,0.9843473461853198,0.9843473461853198,,0.956323386536513,0.956323386536513,,0.9240687679083095,0.8622994652406417,0.9166666666666666,0.9166666666666666,,0.0,0.14116954803466797
OpPhrase_unigram_only_dim128_win5,OpPhrase,within_feature,KNN+RF,Best2_Hard,0.8773784355179705,0.8773784355179705,,,,,,,,0.7882241215574549,0.9892729439809297,0.8818737270875764,0.8818737270875764,,0.0,0.06551122665405273
LiWP_n3_minDf1_SPARSE,LiWP,within_feature,LinearSVC+RF,Best2_Soft,0.8724637681159421,0.8724637681159421,,0.9845852284621387,0.9845852284621387,,0.9555748479492802,0.9555748479492802,,0.9525316455696202,0.8048128342245989,0.905982905982906,0.905982905982906,,0.0,0.0868220329284668
LiWP_n3_minDf1_SPARSE,LiWP,within_feature,LinearSVC+RF,Best2_WeightedSoft,0.8724637681159421,0.8724637681159421,,0.9845864178735227,0.9845864178735227,,0.9555771667612106,0.9555771667612106,,0.9525316455696202,0.8048128342245989,0.905982905982906,0.905982905982906,,0.0,0.08715677261352539
LiWP_n2_minDf1_SPARSE,LiWP,within_feature,LR+DT,Fast2_Hard,0.8708132335170894,0.6185295087372239,0.12369375217355746,,,,,,,0.8624537284852593,0.9040184683803644,0.8698565034363961,0.623739837398374,0.1155658577672284,0.0,0.001448859487261091
LiWP_n3_minDf1_SPARSE,LiWP,within_feature,LR+DT,Fast2_Hard,0.8640555619917651,0.5740639534275621,0.1349969969494628,,,,,,,0.8871499797019978,0.8703140572059447,0.8538863822944601,0.5880730121475467,0.1393844597569178,0.0,0.0040154576301574705
OpPhrase_unigram_only_dim128_win5,OpPhrase,within_feature,RF+LinearSVC,Best2_WeightedSoft,0.8490304709141274,0.8490304709141274,,0.9704242424242425,0.9704242424242425,,0.9597405715704705,0.9597405715704705,,0.8807471264367817,0.81951871657754,0.8836091831286705,0.8836091831286705,,0.0,0.06910061836242676
LiWP_n3_minDf1_SPARSE,LiWP,single,LR,-,0.8489317546063198,0.4419381782830573,0.17959178420189756,0.9178401582264617,0.6447142621348382,0.11644666659783516,0.9360059866915585,0.7381978974031113,0.0826102728404629,0.9018694820877743,0.838218935912592,0.8466669903330505,0.5151177223085626,0.16542174805451598,0.0,0.0015425503253936768
OpPhrase_unigram_only_dim128_win5,OpPhrase,within_feature,RF+LinearSVC,Best2_Soft,0.8484429065743945,0.8484429065743945,,0.969590017825312,0.969590017825312,,0.9589029814910283,0.9589029814910283,,0.8794835007173601,0.81951871657754,0.8830752802989856,0.8830752802989856,,0.0,0.06935787200927734
SkipGram_compact_dim64_win3,SkipGram,within_feature,RF+LinearSVC,Best2_WeightedSoft,0.8439226519337016,0.8439226519337016,,0.970488413547237,0.970488413547237,,0.9599476243405501,0.9599476243405501,,0.8728571428571429,0.8168449197860963,0.8793379604911906,0.8793379604911906,,0.0,0.0681602954864502
SkipGram_compact_dim64_win3,SkipGram,within_feature,RF+LinearSVC,Best2_Soft,0.8433402346445825,0.8433402346445825,,0.9694379084967321,0.9694379084967321,,0.9588697838983089,0.9588697838983089,,0.8716119828815977,0.8168449197860963,0.8788040576615056,0.8788040576615056,,0.0,0.06806206703186035
OpPhrase_unigram_topk_bigram_dim128_win5,OpPhrase,within_feature,RF+LinearSVC,Best2_WeightedSoft,0.8417415342087077,0.8417415342087077,,0.9717088532382651,0.9717088532382651,,0.9602784719842441,0.9602784719842441,,0.871244635193133,0.8141711229946524,0.8777362520021356,0.8777362520021356,,0.0,0.05707287788391113
OpPhrase_unigram_topk_bigram_dim128_win5,OpPhrase,within_feature,RF+LinearSVC,Best2_Soft,0.8411602209944752,0.8411602209944752,,0.9707783719548426,0.9707783719548426,,0.9593405735648017,0.9593405735648017,,0.87,0.8141711229946524,0.8772023491724507,0.8772023491724507,,0.0,0.055385589599609375
LiWP_n2_minDf1_SPARSE,LiWP,single,LR,-,0.8179503014267031,0.3923875770357367,0.19546590931798302,0.8986916949612027,0.5937475391456035,0.12967840481263895,0.924803032030802,0.7180265856164905,0.08711097269275282,0.8762872903064747,0.812105353423332,0.8172752586741038,0.48351629716557243,0.17662971881690048,0.0,0.0005800962448120117
LiWP_n2_minDf1_SPARSE,LiWP,within_feature,RF+LinearSVC,Best2_Hard,0.8164793187719552,0.43287768773470264,0.21017389302884515,,,,,,,0.906273170147485,0.7935148871293183,0.8182609736150224,0.38532844680515693,0.21618542160142995,0.0,0.03283489992221197
OpPhrase_unigram_topk_bigram_dim128_win5,OpPhrase,within_feature,DT+LR,Fast2_Hard,0.814745804830113,0.7169639968028647,0.09959024349941843,,,,,,,0.7696906339840923,0.8989453127210564,0.7751272548011419,0.666893843762885,0.10078919485636408,0.0,0.0012179911136627197
OpPhrase_unigram_only_dim128_win5,OpPhrase,within_feature,DT+LR,Fast2_Hard,0.8112017203849489,0.6837238352653682,0.1015624303409713,,,,,,,0.7695337512212425,0.8928313738729787,0.7704309850131698,0.6197426284796007,0.10598271347517238,0.0,0.0011919915676116943
SkipGram_compact_dim64_win3,SkipGram,within_feature,DT+LR,Fast2_Hard,0.8108902517710798,0.7104369062144441,0.09302418113398339,,,,,,,0.7726995612231569,0.8875600721541549,0.7697224327076573,0.6542768879444322,0.09456721713730208,0.0,0.0007088959217071534
LiWP_n3_minDf1_SPARSE,LiWP,within_feature,RF+LinearSVC,Best2_Hard,0.8086213978003021,0.25882241939804057,0.2536548695675913,,,,,,,0.9173132086568673,0.7873073711313798,0.8155877878820421,0.27625311831063487,0.24577812804540325,0.0,0.05807154774665833
LiWP_n2_minDf1_SPARSE,LiWP,within_feature,RF+KNN,Best2_Hard,0.8005110081655266,0.46569178852643417,0.1990034726711847,,,,,,,0.918232130039104,0.7462996698553573,0.8070270857681704,0.5364346128822381,0.16958564158382652,0.0,6.927477902836269
LiWP_n2_minDf1_SPARSE,LiWP,single,LinearSVC,-,0.7995736215504634,0.41166420086347183,0.2330540451717012,0.8963919094901448,0.5805822556550068,0.1377668590261681,0.9246113309075628,0.7177738040225571,0.08962683376840848,0.9062981374141876,0.7733904055922695,0.806565257836194,0.3715115628155207,0.22693169661034426,0.0,0.001024925708770752
LiWP_n3_minDf1_SPARSE,LiWP,single,LinearSVC,-,0.7993502142984148,0.23751155525429465,0.267556943276797,0.9197192057073789,0.744871272592109,0.09879734648361255,0.9423939526009671,0.8039876674298757,0.061416504206421724,0.9198856069196695,0.7762927316169733,0.8101309862461642,0.26586246697821475,0.25342542350872144,0.0,0.003164339065551758
SkipGram_compact_dim64_win3,SkipGram,within_feature,LR+DT,Fast2_Soft,0.7985120892746436,0.7985120892746436,,0.9011456410451595,0.9011456410451595,,0.8325361199387842,0.8325361199387842,,0.7445086705202312,0.8609625668449198,0.8263888888888888,0.8263888888888888,,0.0,0.0295257568359375
SkipGram_compact_dim64_win3,SkipGram,within_feature,LR+DT,Fast2_WeightedSoft,0.7962732919254658,0.7962732919254658,,0.9013145374617009,0.9013145374617009,,0.8327388716084648,0.8327388716084648,,0.7436194895591647,0.856951871657754,0.8247863247863247,0.8247863247863247,,0.0,0.029469966888427734
OpPhrase_unigram_topk_bigram_dim128_win5,OpPhrase,single,LR,-,0.7940663750615017,0.6592035336815523,0.1076080435029304,0.8036093099855522,0.6592125361997649,0.08934158169044581,0.8191677492831563,0.6612830833159787,0.09482985587996273,0.7755943890080712,0.8503993772310114,0.7553035277787449,0.6042012961612061,0.11041662142612954,0.0,0.0007714927196502686
OpPhrase_unigram_only_dim128_win5,OpPhrase,single,LR,-,0.7906891586152301,0.6540835298788341,0.10658110985230508,0.8019088206872529,0.6499065082257499,0.09064628622071096,0.8175649707043694,0.6562822767608393,0.0964365619365165,0.7752645792762193,0.8444156465558582,0.7517372039479294,0.5995194265596753,0.11071363586201272,0.0,0.0007447898387908936
LiWP_n2_minDf1_SPARSE,LiWP,within_feature,RF+KNN,Best2_Soft,0.7823134106235471,0.4185864896524795,0.22103570045698545,0.9478294864747627,0.8820185850293598,0.042574722635297,0.9489415697614674,0.8850538864401849,0.04605078979335524,0.9368306734208898,0.7101304120923833,0.7956519523844161,0.5156148340923877,0.18039765130854316,0.0,6.939525842666626
LiWP_n2_minDf1_SPARSE,LiWP,within_feature,RF+KNN,Best2_WeightedSoft,0.7809611231070219,0.419367434595861,0.221657986458477,0.9477720998865228,0.8816277293198791,0.04274364217535046,0.9489357374880556,0.8848759500574773,0.046123637682168164,0.9371440997802405,0.7083512542542816,0.7948698242980408,0.5162654521795705,0.1807712050043633,0.0,6.93969233168496
SkipGram_compact_dim64_win3,SkipGram,single,LR,-,0.7792958447415107,0.6085463781824213,0.11033044937251872,0.7985369626938437,0.6192881396913184,0.09896145919105148,0.8169381649619321,0.6586831819606371,0.09712235746276,0.7778631203107862,0.8236751902035068,0.7428224102992596,0.5729888673919249,0.11610142640322102,0.0,0.00039651393890380857
OpPhrase_unigram_topk_bigram_dim128_win5,OpPhrase,within_feature,RF+KNN,Best2_Hard,0.7761848573266654,0.40273868574392424,0.18635306651723638,,,,,,,0.8714988113150917,0.7681167325000936,0.7670915593899107,0.3608926826338526,0.1937318874403425,0.0,0.09752977192401885
OpPhrase_unigram_topk_bigram_dim128_win5,OpPhrase,within_feature,RF+LinearSVC,Best2_Hard,0.7720986169573061,0.7720986169573061,,,,,,,,0.7016393442622951,0.8582887700534759,0.797650827549386,0.797650827549386,,0.0,0.02597498893737793
SkipGram_compact_dim64_win3,SkipGram,within_feature,RF+KNN,Best2_Hard,0.7693588938504434,0.3848458952417023,0.1905377124588572,,,,,,,0.8695540303949413,0.759516150327721,0.7603893664766028,0.3484518639392621,0.19717214022775992,0.0,0.07244228571653366
OpPhrase_unigram_only_dim128_win5,OpPhrase,within_feature,RF+KNN,Best2_Hard,0.7668759447382765,0.40001822450641933,0.18347528448395323,,,,,,,0.8711792890504888,0.7521731674746123,0.7575787550620544,0.35937671211565353,0.19193305664183072,0.0,0.09535246342420578
OpPhrase_unigram_topk_bigram_dim128_win5,OpPhrase,single,KNN,-,0.7562463399323759,0.3339162469412932,0.20376865212636602,0.8930895793576187,0.7246562475385578,0.0846202394714558,0.915250333998969,0.8383893468266728,0.046340828889587696,0.875114485694881,0.7398756989862924,0.7509317095795445,0.31955470963839605,0.2021733700983369,0.0,0.06295334696769714
SkipGram_compact_dim64_win3,SkipGram,within_feature,RF+LinearSVC,Best2_Hard,0.7522935779816514,0.7522935779816514,,,,,,,,0.6933483652762119,0.8221925133689839,0.7837693539775761,0.7837693539775761,,0.0,0.03724026679992676
SkipGram_compact_dim64_win3,SkipGram,single,KNN,-,0.7478998867259886,0.33992341048983,0.2018512042711224,0.8915149046485019,0.7262564397923226,0.08445207911756272,0.9137152486143637,0.8376899813098936,0.04714012688367227,0.8726366528683465,0.7278771995112601,0.7429560717095988,0.3228403035726842,0.20260835552772619,0.0,0.04147948026657105
OpPhrase_unigram_only_dim128_win5,OpPhrase,within_feature,RF+LinearSVC,Best2_Hard,0.7441300421432872,0.7441300421432872,,,,,,,,0.6768893756845564,0.8262032085561497,0.7730912973838762,0.7730912973838762,,0.0,0.03817009925842285
LiWP_n2_minDf1_SPARSE,LiWP,within_feature,LR+LinearSVC,Fast2_Hard,0.737247037180796,0.47774316959274127,0.1888545079268923,,,,,,,0.8399057406355479,0.7126301387903567,0.7328073836077245,0.5251137841352406,0.1862412059710454,0.0,0.0008965224027633667
OpPhrase_unigram_only_dim128_win5,OpPhrase,single,KNN,-,0.7356543962779916,0.32430688232177735,0.21128557329725947,0.8912164696306297,0.7241031546351798,0.0849691427550968,0.9139425681783393,0.8406418545795514,0.0464302888419389,0.8669980328013467,0.7158677319940827,0.735648935215422,0.3139663247098604,0.20562451782848618,0.0,0.06243606805801391
SkipGram_compact_dim64_win3,SkipGram,within_feature,LR+DT,Fast2_Hard,0.7337409672040022,0.7337409672040022,,,,,,,,0.6279733587059942,0.8823529411764706,0.7441239316239316,0.7441239316239316,,0.0,0.00044155120849609375
OpPhrase_unigram_topk_bigram_dim128_win5,OpPhrase,single,LinearSVC,-,0.7249790268732049,0.3738201327853233,0.18453662305786966,0.8464792423124018,0.703982386540629,0.11301404214514929,0.8967238588143204,0.8056568694169484,0.04588452130949622,0.7802659984727375,0.7585431927125095,0.6955391540285166,0.3276426884167184,0.19697763236222132,0.0,0.0022038936614990233
OpPhrase_unigram_topk_bigram_dim128_win5,OpPhrase,within_feature,LR+KNN+DT+RF+LinearSVC,All_Hard,0.7241965776495171,0.33428668473928225,0.21224591038633223,,,,,,,0.8767984316078035,0.6871574215139559,0.7176356125982964,0.31803879432985743,0.22441959201253672,0.0,0.10084750652313233
SkipGram_compact_dim64_win3,SkipGram,within_feature,LR+KNN+DT+RF+LinearSVC,All_Hard,0.7212821358315643,0.3142076769566753,0.21662528919629015,,,,,,,0.8774415146437238,0.6808874921700886,0.7146562597459409,0.3054854701778907,0.2283342950016096,0.0,0.07448793649673462
OpPhrase_unigram_only_dim128_win5,OpPhrase,within_feature,LR+KNN+DT+RF+LinearSVC,All_Hard,0.7199046453842595,0.31573434977274845,0.21691660938178609,,,,,,,0.8757957865932977,0.6822325895604955,0.7126818856264301,0.30643931959456705,0.22869104559111592,0.0,0.09905582070350646
OpPhrase_unigram_only_dim128_win5,OpPhrase,single,LinearSVC,-,0.7171183117060379,0.3527371303688258,0.1932828039549745,0.8467123576209273,0.709148959106654,0.11090648881406943,0.895366916372237,0.8066921254391598,0.04568373608822682,0.7743115762050751,0.7525467725514084,0.6878882121234489,0.30939705862072364,0.20265048938432492,0.0,0.002223098278045654
LiWP_n2_minDf1_SPARSE,LiWP,within_feature,LR+LinearSVC,Fast2_Soft,0.712606148642206,0.43560177050490523,0.21154236645762003,0.8407210053632814,0.5796868272680676,0.1837517741922819,0.8919743360259399,0.7144718397648305,0.11988043039149406,0.8532710167023291,0.6681847707376563,0.7162130148487083,0.5082899869960988,0.20675029072182538,0.0,0.030490506688753763
LiWP_n3_minDf1_SPARSE,LiWP,single,KNN,-,0.7110252746146026,0.18689810747468136,0.2502457189130691,0.8930540380924245,0.6360751678857749,0.11231204380920455,0.919893977982681,0.853664828047591,0.04583115645703351,0.9081943628048232,0.6549871136909843,0.7206228265546601,0.24008047438979618,0.23238121999631714,0.0,12.427166360616683
LiWP_n2_minDf1_SPARSE,LiWP,within_feature,LR+LinearSVC,Fast2_WeightedSoft,0.7082641704178296,0.4356013109241667,0.21294074690810175,0.8406569175801812,0.5796863716612564,0.18370148886672233,0.891915004988866,0.7145084593029276,0.1198365278327957,0.853266311170545,0.6625957379583558,0.7119637245803472,0.5082899869960988,0.21089367711296134,0.0,0.03077172537644704
LiWP_n3_minDf1_SPARSE,LiWP,within_feature,LR+LinearSVC+KNN+DT+RF,All_Hard,0.7042736604925328,0.16016742998349429,0.2725630686773081,,,,,,,0.9287128997719248,0.6366716027839331,0.7201197324119943,0.22609526797605844,0.2478530683552214,0.0,12.489759230613709
SkipGram_compact_dim64_win3,SkipGram,single,LinearSVC,-,0.6993116562018284,0.4311928868561079,0.20119906962981737,0.8325773819940722,0.6161508221088474,0.13608983906009284,0.8887706327251649,0.7594956765296043,0.06036842939256001,0.7721036743660666,0.7376482159117982,0.6803419570233121,0.3853561738853495,0.2074029663728286,0.0,0.0014109373092651368
OpPhrase_unigram_only_dim128_win5,OpPhrase,within_feature,DT+LR,Fast2_Soft,0.6936273478677771,0.3261316972195637,0.1987122079434913,0.8499985901340087,0.6901822282942774,0.10243515341920129,0.8898870710130312,0.8233478889199768,0.052782249789535524,0.8463679249799232,0.6620693617099909,0.6882460801243789,0.30986451509887597,0.2092084798742728,0.0,0.03039880394935608
OpPhrase_unigram_topk_bigram_dim128_win5,OpPhrase,within_feature,DT+LR,Fast2_WeightedSoft,0.6933918854881054,0.3670856717935823,0.19358406233412181,0.8565992719744032,0.7314219847310917,0.08968607770501495,0.8923300073045134,0.827556863017706,0.05377850944994301,0.8506281024895317,0.6529541954524786,0.6891952278426406,0.33435457797124296,0.19883499788897807,0.0,0.03067588210105896
OpPhrase_unigram_only_dim128_win5,OpPhrase,within_feature,DT+LR,Fast2_WeightedSoft,0.693021968146465,0.33059798224131515,0.1992863652972172,0.8500574119503096,0.689963725104523,0.1023786505256556,0.8899056114471526,0.8232395010462561,0.052848750329224065,0.8486491571807152,0.6611438678403984,0.6877861763786631,0.3130379072289203,0.2092547976212865,0.0,0.03037167191505432
STACKING,STACK,stacking,LR_meta(LiWP:RF | SkipGram:RF | OpPhrase:RF | LiWP:RF | OpPhrase:RF | SkipGram:KNN),OOF_STACK_k6,0.6923159823256817,0.6923159823256817,,0.9407544444444444,0.9407544444444444,,0.9787193854965107,0.9787193854965107,,0.9795669411405916,0.5353333333333333,0.5992982456140351,0.5992982456140351,,0.0,0.2699403762817383
LiWP_n2_minDf1_SPARSE,LiWP,within_feature,LR+LinearSVC+KNN+DT+RF,All_Hard,0.6918447206617513,0.1691121575219996,0.27696678880942743,,,,,,,0.925324612892774,0.6247309214826204,0.7143462064581253,0.23095369443527242,0.2546936358190658,0.0,6.729999595880509
OpPhrase_unigram_topk_bigram_dim128_win5,OpPhrase,within_feature,DT+LR,Fast2_Soft,0.6891795996033653,0.3583517177385612,0.19456023914744244,0.856511730446247,0.7313779504138462,0.08994299442428497,0.8923381997355563,0.828151806443411,0.05363223795173107,0.8452351902051773,0.6485776233870624,0.6856256711016828,0.3284571806295644,0.1994398777620317,0.0,0.030819779634475707
OpPhrase_unigram_only_dim128_win5,OpPhrase,within_feature,RF+KNN,Best2_Soft,0.6883619318798219,0.29692574600908334,0.2603504651228012,0.9095870911495656,0.7685754654050367,0.07964320489485249,0.936044556512523,0.8413730445180251,0.04760859815460333,0.8946408462998503,0.62828213806901,0.7027016329919566,0.31638072597627537,0.23985186710267328,0.0,0.10781904608011246
OpPhrase_unigram_topk_bigram_dim128_win5,OpPhrase,within_feature,LR+KNN+DT+RF+LinearSVC,All_Soft,0.6856597224666344,0.30366997596887757,0.25313327395104873,0.8996189035482322,0.7730045566608268,0.079461569654986,0.9335050643352161,0.8776973164700761,0.04014632485782414,0.8958569684998484,0.624344738324147,0.6962087783797212,0.2996429512387096,0.24807167614842718,0.0,0.13045936822891235
OpPhrase_unigram_topk_bigram_dim128_win5,OpPhrase,within_feature,LR+KNN+DT+RF+LinearSVC,All_WeightedSoft,0.6856421630560466,0.30687456487671927,0.2544966164792292,0.9016189485242805,0.7769133068181646,0.07803817429694294,0.9347002744554201,0.8774857569910142,0.040331992354723185,0.8993813114202291,0.6218760481581794,0.6964521679336803,0.3017491682368886,0.24911539728281296,0.0,0.13041650056838988
OpPhrase_unigram_only_dim128_win5,OpPhrase,within_feature,RF+KNN,Best2_WeightedSoft,0.6856132816793792,0.29327482178764086,0.2625438124650572,0.9094974092138117,0.768366322293874,0.07984456246598923,0.9360156917457054,0.8408625972297085,0.04775337434077827,0.8954641926138416,0.6238712110163523,0.7006333209089487,0.3132636279821646,0.24176844404572193,0.0,0.10796439498662949
LiWP_n2_minDf1_SPARSE,LiWP,within_feature,LR+DT,Fast2_Soft,0.6849702807117336,0.26842630227019876,0.29161421177424157,0.9126754846953362,0.670687857855539,0.1112674971166889,0.9325802236709757,0.7887179188361333,0.07079804095230706,0.900448046523651,0.6230682828196935,0.72483182359245,0.3871578277529872,0.2580258073188755,0.0,0.030717124257768902
LiWP_n2_minDf1_SPARSE,LiWP,within_feature,LR+DT,Fast2_WeightedSoft,0.6846269423489607,0.26825335788907295,0.2927993077692445,0.9127105030339886,0.670551966233212,0.11135594117667823,0.9325667375945486,0.7884776301460129,0.0708886505806974,0.8985652036274538,0.6239025220678671,0.7246099688343538,0.38721397204409114,0.2588743627484297,0.0,0.03054519040243966
OpPhrase_unigram_topk_bigram_dim128_win5,OpPhrase,single,DT,-,0.6827811467942275,0.35361300246044286,0.2226856296923962,0.7547545241435089,0.5561296166926455,0.13527993677080571,0.8123772437272452,0.6748267657248305,0.09649001091168287,0.8624822040330121,0.6264525800979239,0.6866821980636331,0.3283170624548636,0.21610747041030282,0.0,0.00040946006774902346
OpPhrase_unigram_topk_bigram_dim128_win5,OpPhrase,single,RF,-,0.6827075955651889,0.24949911673755096,0.28245464109160034,0.9013047998606694,0.7619741707020637,0.0919340513853298,0.9312391570812851,0.802564705501231,0.05965010400601718,0.902399659123669,0.6188434544458765,0.701242811139865,0.30318211131284983,0.25504522466767854,0.0,0.03446629047393799
LiWP_n2_minDf1_SPARSE,LiWP,single,KNN,-,0.6823829115766168,0.17770024803915058,0.2617817856090645,0.8979678700220762,0.6456860253772596,0.10689204045310248,0.923308460957281,0.8849517121423677,0.04038628976959862,0.9076128909755632,0.6204368417000036,0.6991357957874769,0.23642968432575265,0.24296888719208676,0.0,6.696573883295059
OpPhrase_unigram_topk_bigram_dim128_win5,OpPhrase,within_feature,RF+KNN,Best2_Soft,0.6818257441177888,0.2528731811430882,0.26651261460672404,0.9128547045731094,0.7824508320325972,0.07606692689636091,0.9380834993885858,0.84269342154934,0.046759637924970204,0.8897385544579063,0.6215082680368945,0.6990986155875044,0.32474924067985017,0.24018723310005405,0.0,0.11020421087741851
OpPhrase_unigram_topk_bigram_dim128_win5,OpPhrase,within_feature,RF+KNN,Best2_WeightedSoft,0.6811058962975257,0.24980698913214275,0.2671349402551646,0.9127849251507674,0.7821121281610885,0.07628201668999883,0.9380752352758001,0.8423779286047808,0.04685656095775024,0.8902207016408655,0.6199135222761825,0.6986409435424011,0.32517047855851994,0.24043296522344293,0.0,0.11028756946325302
OpPhrase_unigram_only_dim128_win5,OpPhrase,within_feature,LR+KNN+DT+RF+LinearSVC,All_Soft,0.6794841113375676,0.30106037662022966,0.261851134268921,0.8963592147957842,0.7757048310104703,0.08398851016541475,0.9320498369141995,0.8699059597146276,0.04256949572526606,0.8989150856729387,0.6147264750136957,0.6917720461241512,0.2989970968000047,0.25684140527331,0.0,0.1281800389289856
OpPhrase_unigram_only_dim128_win5,OpPhrase,within_feature,LR+KNN+DT+RF+LinearSVC,All_WeightedSoft,0.6794683693563062,0.3014386961405047,0.26226974260866387,0.8980126797090189,0.77767200360428,0.0829743078529265,0.933061581804477,0.8714080045512294,0.04303036245894671,0.9009072712522765,0.6132500208756495,0.6917834419903686,0.29933406501907633,0.256867775904262,0.0,0.1285289466381073
OpPhrase_unigram_only_dim128_win5,OpPhrase,single,RF,-,0.6781549525999341,0.2509758992988127,0.28034677101211125,0.899038756099708,0.7483748133062182,0.09468480166218027,0.9302290629283494,0.803569647312685,0.05914683685993621,0.9019192774535647,0.6118388948428869,0.6968977890177747,0.3076474213283042,0.2554934305938848,0.0,0.033197879791259766
SkipGram_compact_dim64_win3,SkipGram,within_feature,RF+KNN,Best2_Soft,0.6759351604213253,0.2445177363610261,0.27506329461259543,0.9088270229921531,0.7686376923666789,0.08044527634605231,0.9351480571117163,0.83590236023218,0.04959836116025099,0.8847362760033997,0.6211199315432429,0.6960264614127766,0.31258995970522935,0.24635568984732675,0.0,0.08505941480398178
SkipGram_compact_dim64_win3,SkipGram,within_feature,RF+KNN,Best2_WeightedSoft,0.6743742071881959,0.23579594201039641,0.27672120592580673,0.9087276215822798,0.7682173658992406,0.08068634957281022,0.9351007778661111,0.8354385508470233,0.04974406264378256,0.8861457386811222,0.6184883569670419,0.695444722125771,0.3125057137069142,0.24642867262051915,0.0,0.08516641408205032
SkipGram_compact_dim64_win3,SkipGram,within_feature,DT+LR,Fast2_Soft,0.6710880161386579,0.3460394753515268,0.21981315142974656,0.8491966300863977,0.6948399110350685,0.10074606313471828,0.8850282056199511,0.8178817686683593,0.05960757501073764,0.8258975878824928,0.6408884182303278,0.6773756577184213,0.3197229571351013,0.20929973913492683,0.0,0.030136261880397794
SkipGram_compact_dim64_win3,SkipGram,single,RF,-,0.6706037011797257,0.23409459919157,0.2900449434430046,0.8962340123629462,0.744867456240312,0.09743013892813512,0.9277338125980101,0.7930168478147179,0.0629212376993136,0.8969270960775251,0.6050690049348596,0.6903872312231074,0.2934651361444594,0.2626667291597331,0.0,0.030881160497665407
SkipGram_compact_dim64_win3,SkipGram,single,DT,-,0.6694999245036067,0.2706559662826156,0.2493849930509062,0.7479068201386823,0.5072438685085741,0.14865293483868836,0.8071721983439366,0.6470957657979202,0.10366299790521855,0.8493554917287405,0.6163662181665615,0.6801650482980897,0.3196106685728196,0.22767413400453512,0.0,0.00027611851692199707
SkipGram_compact_dim64_win3,SkipGram,within_feature,DT+LR,Fast2_WeightedSoft,0.6694803317059306,0.34764667617827427,0.2203550500300775,0.8491376484591711,0.6939245180306193,0.10083799657705945,0.8849334054593454,0.817077987863275,0.05977823265413998,0.8282646816501305,0.6385992320456495,0.6767302383790659,0.32137995284385157,0.20905682223993646,0.0,0.029828174412250517
SkipGram_compact_dim64_win3,SkipGram,within_feature,LR+KNN+DT+RF+LinearSVC,All_WeightedSoft,0.6654501375845939,0.2957542869165642,0.27752660729800627,0.8938290653103256,0.7674691799570537,0.08752573926145081,0.929017786388575,0.861265032394219,0.04685935570905482,0.8886514640989323,0.6051448793347114,0.6852031491126914,0.29523458210092557,0.2613515506249837,0.0,0.10390995740890503
OpPhrase_unigram_only_dim128_win5,OpPhrase,single,DT,-,0.66523793988469,0.32126374885459724,0.24548813170306436,0.7473324488972805,0.5394157424770558,0.14946988240984596,0.8121219632802871,0.667698934426711,0.09422714652986272,0.8555565320522966,0.6118693726782598,0.6733285608425065,0.3199180720187148,0.23248676463851167,0.0,0.0004109501838684082
SkipGram_compact_dim64_win3,SkipGram,within_feature,LR+KNN+DT+RF+LinearSVC,All_Soft,0.6651237481228083,0.29500907601610893,0.27600336771975126,0.89185862470001,0.7639466712399299,0.08911021340237271,0.9276788463050487,0.8588032172829718,0.04696244012134061,0.8827321583419732,0.6095379205052487,0.6841600949731665,0.2969195336156045,0.259655470067224,0.0,0.10374466180801392
LiWP_n3_minDf1_SPARSE,LiWP,within_feature,LR+LinearSVC+KNN+DT+RF,All_WeightedSoft,0.6568272944535613,0.2018108028547322,0.30805287770564743,0.9393500691413892,0.8403848481641638,0.05569595141188698,0.9512168176145903,0.8770989568970299,0.04146670629232458,0.9280019224223619,0.583619651984392,0.6965081192856578,0.2465668444457169,0.26996556169523306,0.0,12.519410455226899
LiWP_n3_minDf1_SPARSE,LiWP,within_feature,LR+LinearSVC+KNN+DT+RF,All_Soft,0.6561945090002483,0.2020787657186983,0.3078546067441085,0.939028863140876,0.8402183665313612,0.05577794017522696,0.9510242938766025,0.8770021546025835,0.041611637793782554,0.9278596089258783,0.583066117582646,0.695884270625705,0.24670725049936154,0.2700020367467248,0.0,12.519133567810059
LiWP_n2_minDf1_SPARSE,LiWP,within_feature,LR+LinearSVC+KNN+DT+RF,All_Soft,0.6530524559202172,0.19679228695721,0.3064058250716639,0.9285119604630412,0.8094977268503403,0.06790560625138867,0.9458878855887793,0.8472257873563647,0.04954053759572621,0.9285350185663491,0.5802392741748915,0.692240274144739,0.24370294978511806,0.27463965487704417,0.0,6.759347647428513
LiWP_n2_minDf1_SPARSE,LiWP,within_feature,LR+LinearSVC+KNN+DT+RF,All_WeightedSoft,0.6506332127768752,0.19717608345334187,0.3069335202011559,0.9288151989961791,0.8107001667788456,0.0676221595167903,0.9460631671556897,0.8478807453985849,0.049330046774343425,0.9276801806374593,0.578394527195685,0.6907960124720145,0.24389952772473378,0.2751821071229839,0.0,6.759711462259292
STACKING,STACK,stacking,LR_meta(LiWP:RF | SkipGram:RF | OpPhrase:RF | LiWP:RF | LiWP:LinearSVC | LiWP:LinearSVC),OOF_STACK_k6,0.644113972374701,0.4057537179452784,0.3370923045447911,0.9560858086393955,0.9302048911944177,0.03660114445734589,0.9387729712902251,0.912316845332249,0.037414612137620554,0.8910765657054927,0.5678052367455682,0.7147154392941204,0.5207282624643753,0.2743392963990933,0.0,0.13596022129058838
STACKING,STACK,stacking,LR_meta(LiWP:RF | SkipGram:RF | OpPhrase:RF | LiWP:RF | OpPhrase:RF | LiWP:LinearSVC),OOF_STACK_k6,0.6431946727687969,0.17577962582739007,0.30356977616656605,0.9324260940711679,0.8101724439885687,0.06688198102934802,0.9494098633281571,0.8614330333195848,0.044389129683413374,0.9359183102639653,0.5604018174587783,0.6748108102837294,0.23326455688470182,0.2937513456093958,0.0,0.18905484428008396
LiWP_n3_minDf1_SPARSE,LiWP,within_feature,RF+LinearSVC,Best2_Soft,0.6428475859475071,0.18271313899932667,0.30968593855494714,0.9316900727920243,0.7983821631390363,0.07230758043045678,0.9479394303044127,0.8578953265301881,0.04702205314174131,0.9309707845291941,0.5676370398018968,0.6903953754835686,0.23662569833812216,0.2734265888844248,0.0,0.08738446235656738
LiWP_n3_minDf1_SPARSE,LiWP,within_feature,RF+LinearSVC,Best2_WeightedSoft,0.642794921980639,0.18271788973269149,0.30975680466000743,0.9316954929749639,0.7983585767181732,0.07224938623627478,0.9479520187089802,0.8581020771175943,0.04697115292535975,0.9309700469509343,0.567581543234874,0.6903865503290247,0.23665378033756052,0.2734704331891824,0.0,0.0876593366265297
LiWP_n3_minDf1_SPARSE,LiWP,within_feature,LR+DT,Fast2_WeightedSoft,0.6426429724585488,0.2771640429857177,0.3048056293436248,0.913924381371003,0.6774272773905727,0.10456008351470428,0.9375394889506194,0.7694262205214668,0.07320383652809273,0.9076151291974139,0.5758284962618873,0.6789629963182141,0.2928458769879076,0.2722772925493121,0.0,0.03308952450752258
LiWP_n3_minDf1_SPARSE,LiWP,within_feature,LR+DT,Fast2_Soft,0.6420398430861408,0.27700308429396625,0.3034253818661497,0.9138678706712409,0.677540295929595,0.10447996891640461,0.9375607255207353,0.769696622419206,0.0731103971307754,0.907566095878021,0.5745700410014736,0.6784162198000315,0.29276162704604536,0.2713871368267772,0.0,0.032953619956970215
LiWP_n2_minDf1_SPARSE,LiWP,within_feature,RF+LinearSVC,Best2_Soft,0.6151401635336756,0.18575068997185534,0.3261725007391255,0.9216433988077565,0.7671175696112689,0.08223866264875856,0.9410807840235622,0.822807047540031,0.05802606578656114,0.9225423586975926,0.54197604777205,0.666881117741263,0.23814214602552947,0.28970034845973497,0.0,0.06190663725137711
LiWP_n2_minDf1_SPARSE,LiWP,within_feature,RF+LinearSVC,Best2_WeightedSoft,0.6146425018087764,0.18450207873099767,0.3271207279913981,0.9217604501396901,0.7685864220556664,0.08186968640945842,0.9411655100402669,0.8235446563297253,0.05783350545911579,0.9217335203580709,0.5417340739890631,0.6667330315424034,0.2374680755067823,0.29010478485836044,0.0,0.06233675976594289
LiWP_n3_minDf1_SPARSE,LiWP,single,DT,-,0.6109819797344588,0.11502216289290138,0.3197320847294317,0.7437141670357105,0.5486568877267921,0.17102248268742348,0.8230729383143187,0.6713063304628766,0.10652032335115484,0.8890144305546027,0.5476735385690368,0.6507693636691851,0.20447097689274588,0.2735876891124311,0.0,0.002435290813446045
LiWP_n2_minDf1_SPARSE,LiWP,single,DT,-,0.6064794481199325,0.12930414290926293,0.3226626297567568,0.7398905594022898,0.5369077796584758,0.1752335088143986,0.8218070628692613,0.6635085906056843,0.10422743014695905,0.8904714700037695,0.5401998589117543,0.6473134609233822,0.2106205956246896,0.28502514533230355,0.0,0.0008267462253570557
LiWP_n2_minDf1_SPARSE,LiWP,single,RF,-,0.6033921574097886,0.12949915660551645,0.3253929066019928,0.9107324109765691,0.7530099975913883,0.0887643871182554,0.9378034346220265,0.8365291796347932,0.052585541997968915,0.9228179681997489,0.5203621825993322,0.6519256574066463,0.21090222404624423,0.2875958820286383,0.0,0.030943083763122558
STACKING,STACK,stacking,LR_meta(LiWP:RF | SkipGram:RF | OpPhrase:RF | LiWP:RF | LiWP:LinearSVC | OpPhrase:RF),OOF_STACK_k6,0.5998632053711924,0.19409660107334525,0.3128132275012148,0.9273648501675761,0.7925281159098067,0.07019991225672255,0.9433836711948725,0.8826128865757324,0.04402697150284843,0.9188561790336885,0.514096991261518,0.6483850649368957,0.2409435551811289,0.274148267052769,0.0,0.1876159963153657
LiWP_n3_minDf1_SPARSE,LiWP,single,RF,-,0.5933101764690758,0.12860175774699273,0.3249414595099893,0.9104887318961898,0.7587837752670985,0.08374476713767424,0.9381201849339773,0.8519228014904995,0.04917718583723581,0.9286489811495809,0.5069832812617958,0.6440721547431301,0.21022786959210035,0.28942316858175227,0.0,0.05539870858192444
STACKING,STACK,stacking,LR_meta(LiWP:RF | SkipGram:RF | OpPhrase:RF | OpPhrase:RF | LiWP:RF | LiWP:LinearSVC),OOF_STACK_k6,0.4052029956641703,0.4052029956641703,,0.8301113961575737,0.8301113961575737,,0.8656589720637613,0.8656589720637613,,0.8741496598639455,0.2637249871729092,0.5091086532205595,0.5091086532205595,,0.0,0.16574883460998535
